PubSubIPAddresses,15001,DataType
CRCL_AngleUnitEnumDataType,15002,DataType
CRCL_AngleUnitEnumDataType_EnumStrings,15003,Variable
CRCL_ForceUnitEnumDataType,15004,DataType
CRCL_ForceUnitEnumDataType_EnumStrings,15005,Variable
CRCL_FractionDataType,15006,DataType
CRCL_LengthUnitEnumDataType,15007,DataType
CRCL_LengthUnitEnumDataType_EnumStrings,15008,Variable
CRCL_DataThingDataType,15009,DataType
SAMYRobotDataType,15010,DataType
CRCL_PointDataType,15011,DataType
CRCL_VectorDataType,15012,DataType
CRCL_PoseDataType,15013,DataType
CRCL_PositiveDecimalDataType,15014,DataType
CRCL_TorqueUnitEnumDataType,15015,DataType
CRCL_TorqueUnitEnumDataType_EnumStrings,15016,Variable
CRCL_TwistDataType,15017,DataType
CRCL_WrenchDataType,15018,DataType
CRCL_PoseToleranceDataType,15019,DataType
CRCL_ParameterSettingDataType,15020,DataType
CRCL_RotAccelDataType,15021,DataType
CRCL_RotAccelAbsoluteDataType,15022,DataType
CRCL_RotAccelRelativeDataType,15023,DataType
CRCL_RotSpeedDataType,15024,DataType
CRCL_RotSpeedAbsoluteDataType,15025,DataType
CRCL_RotSpeedRelativeDataType,15026,DataType
CRCL_TransAccelDataType,15027,DataType
CRCL_TransAccelAbsoluteDataType,15028,DataType
CRCL_TransAccelRelativeDataType,15029,DataType
CRCL_TransSpeedAbsoluteDataType,15030,DataType
CRCL_TransSpeedRelativeDataType,15031,DataType
CRCL_TransSpeedDataType,15033,DataType
CRCL_GuardLimitEnumDataType,15034,DataType
CRCL_GuardLimitEnumDataType_EnumStrings,15035,Variable
CRCL_GuardDataType,15036,DataType
CRCL_JointPositionToleranceSettingDataType,15037,DataType
CRCL_JointPositionsTolerancesDataType,15038,DataType
CRCL_PoseAndSetDataType,15039,DataType
CRCLCommandDataType,15040,DataType
MiddleCommandDataType,15041,DataType
EndCanonDataType,15042,DataType
InitCanonDataType,15043,DataType
CRCL_JointDetailsDataType,15044,DataType
CRCL_ActuateJointDataType,15045,DataType
JointForceTorqueDataType,15046,DataType
JointSpeedAccelDataType,15047,DataType
ActuateJointsDataType,15048,DataType
MoveToDataType,15049,DataType
CloseToolChangerDataType,15050,DataType
DwellDataType,15051,DataType
GetStatusDataType,15052,DataType
MessageDataType,15053,DataType
MoveScrewDataType,15054,DataType
MoveThroughToDataType,15055,DataType
OpenToolChangerDataType,15056,DataType
RunProgramDataType,15057,DataType
SetAngleUnitsDataType,15058,DataType
SetEndEffectorParametersDataType,15059,DataType
SetEndEffectorDataType,15060,DataType
SetEndPoseToleranceDataType,15061,DataType
SetForceUnitsDataType,15062,DataType
SetIntermediatePoseToleranceDataType,15063,DataType
SetLengthUnitsDataType,15064,DataType
SetMotionCoordinationDataType,15065,DataType
SetRobotParametersDataType,15066,DataType
SetTorqueUnitsDataType,15067,DataType
StopMotionDataType,15068,DataType
ConfigureStatusReportDataType,15069,DataType
EnableSensorDataType,15070,DataType
DisableSensorDataType,15071,DataType
EnableGripperDataType,15072,DataType
DisableGripperDataType,15073,DataType
CRCLSkillDataType,15074,DataType
EnableRobotParameterStatusDataType,15075,DataType
DisableRobotParameterStatusDataType,15076,DataType
SetDefaultJointPositonsTolerancesDataType,15077,DataType
SetRotAccelDataType,15078,DataType
SetTransAccelDataType,15079,DataType
SetRotSpeedDataType,15080,DataType
SetTransSpeedDataType,15081,DataType
UnionTestDataType,15082,DataType
CRCL_CommandStateEnumDataType,15083,DataType
CRCL_CommandStateEnumDataType_EnumStrings,15084,Variable
CRCL_CommandStatusDataType,15085,DataType
CRCL_SensorStatusDataType,15086,DataType
CRCL_CountSensorStatusDataType,15087,DataType
CRCL_OnOffSensorStatusDataType,15088,DataType
CRCL_ScalarSensorStatusDataType,15089,DataType
CRCL_ForceTorqueSensorStatusDataType,15090,DataType
CRCL_SensorStatusesDataType,15091,DataType
CRCL_GripperStatusDataType,15092,DataType
CRCL_ParallelGripperStatusDataType,15093,DataType
CRCL_ThreeFingerGripperStatusDataType,15094,DataType
CRCL_VacuumGripperStatusDataType,15095,DataType
CRCL_SettingsStatusDataType,15096,DataType
CRCL_PoseStatusDataType,15097,DataType
CRCL_JointLimitDataType,15098,DataType
CRCL_JointStatusDataType,15099,DataType
CRCL_JointStatusesDataType,15100,DataType
CRCLStatusDataType,15101,DataType
CRCLCommandsUnionDataType,15102,DataType
CRCL_StopConditionEnumDataType,15103,DataType
CRCL_StopConditionEnumDataType_EnumStrings,15104,Variable
CRCL_ConfigureJointReportDataType,15105,DataType
PubSubIPAddresses_Encoding_DefaultBinary,15106,Object
CRCL_FractionDataType_Encoding_DefaultBinary,15107,Object
CRCL_DataThingDataType_Encoding_DefaultBinary,15108,Object
SAMYRobotDataType_Encoding_DefaultBinary,15109,Object
CRCL_PointDataType_Encoding_DefaultBinary,15110,Object
CRCL_VectorDataType_Encoding_DefaultBinary,15111,Object
CRCL_PoseDataType_Encoding_DefaultBinary,15112,Object
CRCL_TwistDataType_Encoding_DefaultBinary,15113,Object
CRCL_WrenchDataType_Encoding_DefaultBinary,15114,Object
CRCL_PoseToleranceDataType_Encoding_DefaultBinary,15115,Object
CRCL_ParameterSettingDataType_Encoding_DefaultBinary,15116,Object
CRCL_RotAccelDataType_Encoding_DefaultBinary,15117,Object
CRCL_RotAccelAbsoluteDataType_Encoding_DefaultBinary,15118,Object
CRCL_RotAccelRelativeDataType_Encoding_DefaultBinary,15119,Object
CRCL_RotSpeedDataType_Encoding_DefaultBinary,15120,Object
CRCL_RotSpeedAbsoluteDataType_Encoding_DefaultBinary,15121,Object
CRCL_RotSpeedRelativeDataType_Encoding_DefaultBinary,15122,Object
CRCL_TransAccelDataType_Encoding_DefaultBinary,15123,Object
CRCL_TransAccelAbsoluteDataType_Encoding_DefaultBinary,15124,Object
CRCL_TransAccelRelativeDataType_Encoding_DefaultBinary,15125,Object
CRCL_TransSpeedAbsoluteDataType_Encoding_DefaultBinary,15126,Object
CRCL_TransSpeedRelativeDataType_Encoding_DefaultBinary,15127,Object
CRCL_TransSpeedDataType_Encoding_DefaultBinary,15129,Object
CRCL_GuardDataType_Encoding_DefaultBinary,15130,Object
CRCL_JointPositionToleranceSettingDataType_Encoding_DefaultBinary,15131,Object
CRCL_JointPositionsTolerancesDataType_Encoding_DefaultBinary,15132,Object
CRCL_PoseAndSetDataType_Encoding_DefaultBinary,15133,Object
CRCLCommandDataType_Encoding_DefaultBinary,15134,Object
MiddleCommandDataType_Encoding_DefaultBinary,15135,Object
EndCanonDataType_Encoding_DefaultBinary,15136,Object
InitCanonDataType_Encoding_DefaultBinary,15137,Object
CRCL_JointDetailsDataType_Encoding_DefaultBinary,15138,Object
CRCL_ActuateJointDataType_Encoding_DefaultBinary,15139,Object
JointForceTorqueDataType_Encoding_DefaultBinary,15140,Object
JointSpeedAccelDataType_Encoding_DefaultBinary,15141,Object
ActuateJointsDataType_Encoding_DefaultBinary,15142,Object
MoveToDataType_Encoding_DefaultBinary,15143,Object
CloseToolChangerDataType_Encoding_DefaultBinary,15144,Object
DwellDataType_Encoding_DefaultBinary,15145,Object
GetStatusDataType_Encoding_DefaultBinary,15146,Object
MessageDataType_Encoding_DefaultBinary,15147,Object
MoveScrewDataType_Encoding_DefaultBinary,15148,Object
MoveThroughToDataType_Encoding_DefaultBinary,15149,Object
OpenToolChangerDataType_Encoding_DefaultBinary,15150,Object
RunProgramDataType_Encoding_DefaultBinary,15151,Object
SetAngleUnitsDataType_Encoding_DefaultBinary,15152,Object
SetEndEffectorParametersDataType_Encoding_DefaultBinary,15153,Object
SetEndEffectorDataType_Encoding_DefaultBinary,15154,Object
SetEndPoseToleranceDataType_Encoding_DefaultBinary,15155,Object
SetForceUnitsDataType_Encoding_DefaultBinary,15156,Object
SetIntermediatePoseToleranceDataType_Encoding_DefaultBinary,15157,Object
SetLengthUnitsDataType_Encoding_DefaultBinary,15158,Object
SetMotionCoordinationDataType_Encoding_DefaultBinary,15159,Object
SetRobotParametersDataType_Encoding_DefaultBinary,15160,Object
SetTorqueUnitsDataType_Encoding_DefaultBinary,15161,Object
StopMotionDataType_Encoding_DefaultBinary,15162,Object
ConfigureStatusReportDataType_Encoding_DefaultBinary,15163,Object
EnableSensorDataType_Encoding_DefaultBinary,15164,Object
DisableSensorDataType_Encoding_DefaultBinary,15165,Object
EnableGripperDataType_Encoding_DefaultBinary,15166,Object
DisableGripperDataType_Encoding_DefaultBinary,15167,Object
CRCLSkillDataType_Encoding_DefaultBinary,15168,Object
EnableRobotParameterStatusDataType_Encoding_DefaultBinary,15169,Object
DisableRobotParameterStatusDataType_Encoding_DefaultBinary,15170,Object
SetDefaultJointPositonsTolerancesDataType_Encoding_DefaultBinary,15171,Object
SetRotAccelDataType_Encoding_DefaultBinary,15172,Object
SetTransAccelDataType_Encoding_DefaultBinary,15173,Object
SetRotSpeedDataType_Encoding_DefaultBinary,15174,Object
SetTransSpeedDataType_Encoding_DefaultBinary,15175,Object
UnionTestDataType_Encoding_DefaultBinary,15176,Object
CRCL_CommandStatusDataType_Encoding_DefaultBinary,15177,Object
CRCL_SensorStatusDataType_Encoding_DefaultBinary,15178,Object
CRCL_CountSensorStatusDataType_Encoding_DefaultBinary,15179,Object
CRCL_OnOffSensorStatusDataType_Encoding_DefaultBinary,15180,Object
CRCL_ScalarSensorStatusDataType_Encoding_DefaultBinary,15181,Object
CRCL_ForceTorqueSensorStatusDataType_Encoding_DefaultBinary,15182,Object
CRCL_SensorStatusesDataType_Encoding_DefaultBinary,15183,Object
CRCL_GripperStatusDataType_Encoding_DefaultBinary,15184,Object
CRCL_ParallelGripperStatusDataType_Encoding_DefaultBinary,15185,Object
CRCL_ThreeFingerGripperStatusDataType_Encoding_DefaultBinary,15186,Object
CRCL_VacuumGripperStatusDataType_Encoding_DefaultBinary,15187,Object
CRCL_SettingsStatusDataType_Encoding_DefaultBinary,15188,Object
CRCL_PoseStatusDataType_Encoding_DefaultBinary,15189,Object
CRCL_JointLimitDataType_Encoding_DefaultBinary,15190,Object
CRCL_JointStatusDataType_Encoding_DefaultBinary,15191,Object
CRCL_JointStatusesDataType_Encoding_DefaultBinary,15192,Object
CRCLStatusDataType_Encoding_DefaultBinary,15193,Object
CRCLCommandsUnionDataType_Encoding_DefaultBinary,15194,Object
CRCL_ConfigureJointReportDataType_Encoding_DefaultBinary,15195,Object
CRCL_BinarySchema,15196,Variable
CRCL_BinarySchema_DataTypeVersion,15197,Variable
CRCL_BinarySchema_NamespaceUri,15198,Variable
CRCL_BinarySchema_Deprecated,15199,Variable
CRCL_BinarySchema_PubSubIPAddresses,15200,Variable
CRCL_BinarySchema_PubSubIPAddresses_DataTypeVersion,15201,Variable
CRCL_BinarySchema_PubSubIPAddresses_DictionaryFragment,15202,Variable
CRCL_BinarySchema_CRCL_FractionDataType,15203,Variable
CRCL_BinarySchema_CRCL_FractionDataType_DataTypeVersion,15204,Variable
CRCL_BinarySchema_CRCL_FractionDataType_DictionaryFragment,15205,Variable
CRCL_BinarySchema_CRCL_DataThingDataType,15206,Variable
CRCL_BinarySchema_CRCL_DataThingDataType_DataTypeVersion,15207,Variable
CRCL_BinarySchema_CRCL_DataThingDataType_DictionaryFragment,15208,Variable
CRCL_BinarySchema_SAMYRobotDataType,15209,Variable
CRCL_BinarySchema_SAMYRobotDataType_DataTypeVersion,15210,Variable
CRCL_BinarySchema_SAMYRobotDataType_DictionaryFragment,15211,Variable
CRCL_BinarySchema_CRCL_PointDataType,15212,Variable
CRCL_BinarySchema_CRCL_PointDataType_DataTypeVersion,15213,Variable
CRCL_BinarySchema_CRCL_PointDataType_DictionaryFragment,15214,Variable
CRCL_BinarySchema_CRCL_VectorDataType,15215,Variable
CRCL_BinarySchema_CRCL_VectorDataType_DataTypeVersion,15216,Variable
CRCL_BinarySchema_CRCL_VectorDataType_DictionaryFragment,15217,Variable
CRCL_BinarySchema_CRCL_PoseDataType,15218,Variable
CRCL_BinarySchema_CRCL_PoseDataType_DataTypeVersion,15219,Variable
CRCL_BinarySchema_CRCL_PoseDataType_DictionaryFragment,15220,Variable
CRCL_BinarySchema_CRCL_TwistDataType,15221,Variable
CRCL_BinarySchema_CRCL_TwistDataType_DataTypeVersion,15222,Variable
CRCL_BinarySchema_CRCL_TwistDataType_DictionaryFragment,15223,Variable
CRCL_BinarySchema_CRCL_WrenchDataType,15224,Variable
CRCL_BinarySchema_CRCL_WrenchDataType_DataTypeVersion,15225,Variable
CRCL_BinarySchema_CRCL_WrenchDataType_DictionaryFragment,15226,Variable
CRCL_BinarySchema_CRCL_PoseToleranceDataType,15227,Variable
CRCL_BinarySchema_CRCL_PoseToleranceDataType_DataTypeVersion,15228,Variable
CRCL_BinarySchema_CRCL_PoseToleranceDataType_DictionaryFragment,15229,Variable
CRCL_BinarySchema_CRCL_ParameterSettingDataType,15230,Variable
CRCL_BinarySchema_CRCL_ParameterSettingDataType_DataTypeVersion,15231,Variable
CRCL_BinarySchema_CRCL_ParameterSettingDataType_DictionaryFragment,15232,Variable
CRCL_BinarySchema_CRCL_RotAccelDataType,15233,Variable
CRCL_BinarySchema_CRCL_RotAccelDataType_DataTypeVersion,15234,Variable
CRCL_BinarySchema_CRCL_RotAccelDataType_DictionaryFragment,15235,Variable
CRCL_BinarySchema_CRCL_RotAccelAbsoluteDataType,15236,Variable
CRCL_BinarySchema_CRCL_RotAccelAbsoluteDataType_DataTypeVersion,15237,Variable
CRCL_BinarySchema_CRCL_RotAccelAbsoluteDataType_DictionaryFragment,15238,Variable
CRCL_BinarySchema_CRCL_RotAccelRelativeDataType,15239,Variable
CRCL_BinarySchema_CRCL_RotAccelRelativeDataType_DataTypeVersion,15240,Variable
CRCL_BinarySchema_CRCL_RotAccelRelativeDataType_DictionaryFragment,15241,Variable
CRCL_BinarySchema_CRCL_RotSpeedDataType,15242,Variable
CRCL_BinarySchema_CRCL_RotSpeedDataType_DataTypeVersion,15243,Variable
CRCL_BinarySchema_CRCL_RotSpeedDataType_DictionaryFragment,15244,Variable
CRCL_BinarySchema_CRCL_RotSpeedAbsoluteDataType,15245,Variable
CRCL_BinarySchema_CRCL_RotSpeedAbsoluteDataType_DataTypeVersion,15246,Variable
CRCL_BinarySchema_CRCL_RotSpeedAbsoluteDataType_DictionaryFragment,15247,Variable
CRCL_BinarySchema_CRCL_RotSpeedRelativeDataType,15248,Variable
CRCL_BinarySchema_CRCL_RotSpeedRelativeDataType_DataTypeVersion,15249,Variable
CRCL_BinarySchema_CRCL_RotSpeedRelativeDataType_DictionaryFragment,15250,Variable
CRCL_BinarySchema_CRCL_TransAccelDataType,15251,Variable
CRCL_BinarySchema_CRCL_TransAccelDataType_DataTypeVersion,15252,Variable
CRCL_BinarySchema_CRCL_TransAccelDataType_DictionaryFragment,15253,Variable
CRCL_BinarySchema_CRCL_TransAccelAbsoluteDataType,15254,Variable
CRCL_BinarySchema_CRCL_TransAccelAbsoluteDataType_DataTypeVersion,15255,Variable
CRCL_BinarySchema_CRCL_TransAccelAbsoluteDataType_DictionaryFragment,15256,Variable
CRCL_BinarySchema_CRCL_TransAccelRelativeDataType,15257,Variable
CRCL_BinarySchema_CRCL_TransAccelRelativeDataType_DataTypeVersion,15258,Variable
CRCL_BinarySchema_CRCL_TransAccelRelativeDataType_DictionaryFragment,15259,Variable
CRCL_BinarySchema_CRCL_TransSpeedAbsoluteDataType,15260,Variable
CRCL_BinarySchema_CRCL_TransSpeedAbsoluteDataType_DataTypeVersion,15261,Variable
CRCL_BinarySchema_CRCL_TransSpeedAbsoluteDataType_DictionaryFragment,15262,Variable
CRCL_BinarySchema_CRCL_TransSpeedRelativeDataType,15263,Variable
CRCL_BinarySchema_CRCL_TransSpeedRelativeDataType_DataTypeVersion,15264,Variable
CRCL_BinarySchema_CRCL_TransSpeedRelativeDataType_DictionaryFragment,15265,Variable
CRCL_BinarySchema_CRCL_TransSpeedDataType,15269,Variable
CRCL_BinarySchema_CRCL_TransSpeedDataType_DataTypeVersion,15270,Variable
CRCL_BinarySchema_CRCL_TransSpeedDataType_DictionaryFragment,15271,Variable
CRCL_BinarySchema_CRCL_GuardDataType,15272,Variable
CRCL_BinarySchema_CRCL_GuardDataType_DataTypeVersion,15273,Variable
CRCL_BinarySchema_CRCL_GuardDataType_DictionaryFragment,15274,Variable
CRCL_BinarySchema_CRCL_JointPositionToleranceSettingDataType,15275,Variable
CRCL_BinarySchema_CRCL_JointPositionToleranceSettingDataType_DataTypeVersion,15276,Variable
CRCL_BinarySchema_CRCL_JointPositionToleranceSettingDataType_DictionaryFragment,15277,Variable
CRCL_BinarySchema_CRCL_JointPositionsTolerancesDataType,15278,Variable
CRCL_BinarySchema_CRCL_JointPositionsTolerancesDataType_DataTypeVersion,15279,Variable
CRCL_BinarySchema_CRCL_JointPositionsTolerancesDataType_DictionaryFragment,15280,Variable
CRCL_BinarySchema_CRCL_PoseAndSetDataType,15281,Variable
CRCL_BinarySchema_CRCL_PoseAndSetDataType_DataTypeVersion,15282,Variable
CRCL_BinarySchema_CRCL_PoseAndSetDataType_DictionaryFragment,15283,Variable
CRCL_BinarySchema_CRCLCommandDataType,15284,Variable
CRCL_BinarySchema_CRCLCommandDataType_DataTypeVersion,15285,Variable
CRCL_BinarySchema_CRCLCommandDataType_DictionaryFragment,15286,Variable
CRCL_BinarySchema_MiddleCommandDataType,15287,Variable
CRCL_BinarySchema_MiddleCommandDataType_DataTypeVersion,15288,Variable
CRCL_BinarySchema_MiddleCommandDataType_DictionaryFragment,15289,Variable
CRCL_BinarySchema_EndCanonDataType,15290,Variable
CRCL_BinarySchema_EndCanonDataType_DataTypeVersion,15291,Variable
CRCL_BinarySchema_EndCanonDataType_DictionaryFragment,15292,Variable
CRCL_BinarySchema_InitCanonDataType,15293,Variable
CRCL_BinarySchema_InitCanonDataType_DataTypeVersion,15294,Variable
CRCL_BinarySchema_InitCanonDataType_DictionaryFragment,15295,Variable
CRCL_BinarySchema_CRCL_JointDetailsDataType,15296,Variable
CRCL_BinarySchema_CRCL_JointDetailsDataType_DataTypeVersion,15297,Variable
CRCL_BinarySchema_CRCL_JointDetailsDataType_DictionaryFragment,15298,Variable
CRCL_BinarySchema_CRCL_ActuateJointDataType,15299,Variable
CRCL_BinarySchema_CRCL_ActuateJointDataType_DataTypeVersion,15300,Variable
CRCL_BinarySchema_CRCL_ActuateJointDataType_DictionaryFragment,15301,Variable
CRCL_BinarySchema_JointForceTorqueDataType,15302,Variable
CRCL_BinarySchema_JointForceTorqueDataType_DataTypeVersion,15303,Variable
CRCL_BinarySchema_JointForceTorqueDataType_DictionaryFragment,15304,Variable
CRCL_BinarySchema_JointSpeedAccelDataType,15305,Variable
CRCL_BinarySchema_JointSpeedAccelDataType_DataTypeVersion,15306,Variable
CRCL_BinarySchema_JointSpeedAccelDataType_DictionaryFragment,15307,Variable
CRCL_BinarySchema_ActuateJointsDataType,15308,Variable
CRCL_BinarySchema_ActuateJointsDataType_DataTypeVersion,15309,Variable
CRCL_BinarySchema_ActuateJointsDataType_DictionaryFragment,15310,Variable
CRCL_BinarySchema_MoveToDataType,15311,Variable
CRCL_BinarySchema_MoveToDataType_DataTypeVersion,15312,Variable
CRCL_BinarySchema_MoveToDataType_DictionaryFragment,15313,Variable
CRCL_BinarySchema_CloseToolChangerDataType,15314,Variable
CRCL_BinarySchema_CloseToolChangerDataType_DataTypeVersion,15315,Variable
CRCL_BinarySchema_CloseToolChangerDataType_DictionaryFragment,15316,Variable
CRCL_BinarySchema_DwellDataType,15317,Variable
CRCL_BinarySchema_DwellDataType_DataTypeVersion,15318,Variable
CRCL_BinarySchema_DwellDataType_DictionaryFragment,15319,Variable
CRCL_BinarySchema_GetStatusDataType,15320,Variable
CRCL_BinarySchema_GetStatusDataType_DataTypeVersion,15321,Variable
CRCL_BinarySchema_GetStatusDataType_DictionaryFragment,15322,Variable
CRCL_BinarySchema_MessageDataType,15323,Variable
CRCL_BinarySchema_MessageDataType_DataTypeVersion,15324,Variable
CRCL_BinarySchema_MessageDataType_DictionaryFragment,15325,Variable
CRCL_BinarySchema_MoveScrewDataType,15326,Variable
CRCL_BinarySchema_MoveScrewDataType_DataTypeVersion,15327,Variable
CRCL_BinarySchema_MoveScrewDataType_DictionaryFragment,15328,Variable
CRCL_BinarySchema_MoveThroughToDataType,15329,Variable
CRCL_BinarySchema_MoveThroughToDataType_DataTypeVersion,15330,Variable
CRCL_BinarySchema_MoveThroughToDataType_DictionaryFragment,15331,Variable
CRCL_BinarySchema_OpenToolChangerDataType,15332,Variable
CRCL_BinarySchema_OpenToolChangerDataType_DataTypeVersion,15333,Variable
CRCL_BinarySchema_OpenToolChangerDataType_DictionaryFragment,15334,Variable
CRCL_BinarySchema_RunProgramDataType,15335,Variable
CRCL_BinarySchema_RunProgramDataType_DataTypeVersion,15336,Variable
CRCL_BinarySchema_RunProgramDataType_DictionaryFragment,15337,Variable
CRCL_BinarySchema_SetAngleUnitsDataType,15338,Variable
CRCL_BinarySchema_SetAngleUnitsDataType_DataTypeVersion,15339,Variable
CRCL_BinarySchema_SetAngleUnitsDataType_DictionaryFragment,15340,Variable
CRCL_BinarySchema_SetEndEffectorParametersDataType,15341,Variable
CRCL_BinarySchema_SetEndEffectorParametersDataType_DataTypeVersion,15342,Variable
CRCL_BinarySchema_SetEndEffectorParametersDataType_DictionaryFragment,15343,Variable
CRCL_BinarySchema_SetEndEffectorDataType,15344,Variable
CRCL_BinarySchema_SetEndEffectorDataType_DataTypeVersion,15345,Variable
CRCL_BinarySchema_SetEndEffectorDataType_DictionaryFragment,15346,Variable
CRCL_BinarySchema_SetEndPoseToleranceDataType,15347,Variable
CRCL_BinarySchema_SetEndPoseToleranceDataType_DataTypeVersion,15348,Variable
CRCL_BinarySchema_SetEndPoseToleranceDataType_DictionaryFragment,15349,Variable
CRCL_BinarySchema_SetForceUnitsDataType,15350,Variable
CRCL_BinarySchema_SetForceUnitsDataType_DataTypeVersion,15351,Variable
CRCL_BinarySchema_SetForceUnitsDataType_DictionaryFragment,15352,Variable
CRCL_BinarySchema_SetIntermediatePoseToleranceDataType,15353,Variable
CRCL_BinarySchema_SetIntermediatePoseToleranceDataType_DataTypeVersion,15354,Variable
CRCL_BinarySchema_SetIntermediatePoseToleranceDataType_DictionaryFragment,15355,Variable
CRCL_BinarySchema_SetLengthUnitsDataType,15356,Variable
CRCL_BinarySchema_SetLengthUnitsDataType_DataTypeVersion,15357,Variable
CRCL_BinarySchema_SetLengthUnitsDataType_DictionaryFragment,15358,Variable
CRCL_BinarySchema_SetMotionCoordinationDataType,15359,Variable
CRCL_BinarySchema_SetMotionCoordinationDataType_DataTypeVersion,15360,Variable
CRCL_BinarySchema_SetMotionCoordinationDataType_DictionaryFragment,15361,Variable
CRCL_BinarySchema_SetRobotParametersDataType,15362,Variable
CRCL_BinarySchema_SetRobotParametersDataType_DataTypeVersion,15363,Variable
CRCL_BinarySchema_SetRobotParametersDataType_DictionaryFragment,15364,Variable
CRCL_BinarySchema_SetTorqueUnitsDataType,15365,Variable
CRCL_BinarySchema_SetTorqueUnitsDataType_DataTypeVersion,15366,Variable
CRCL_BinarySchema_SetTorqueUnitsDataType_DictionaryFragment,15367,Variable
CRCL_BinarySchema_StopMotionDataType,15368,Variable
CRCL_BinarySchema_StopMotionDataType_DataTypeVersion,15369,Variable
CRCL_BinarySchema_StopMotionDataType_DictionaryFragment,15370,Variable
CRCL_BinarySchema_ConfigureStatusReportDataType,15371,Variable
CRCL_BinarySchema_ConfigureStatusReportDataType_DataTypeVersion,15372,Variable
CRCL_BinarySchema_ConfigureStatusReportDataType_DictionaryFragment,15373,Variable
CRCL_BinarySchema_EnableSensorDataType,15374,Variable
CRCL_BinarySchema_EnableSensorDataType_DataTypeVersion,15375,Variable
CRCL_BinarySchema_EnableSensorDataType_DictionaryFragment,15376,Variable
CRCL_BinarySchema_DisableSensorDataType,15377,Variable
CRCL_BinarySchema_DisableSensorDataType_DataTypeVersion,15378,Variable
CRCL_BinarySchema_DisableSensorDataType_DictionaryFragment,15379,Variable
CRCL_BinarySchema_EnableGripperDataType,15380,Variable
CRCL_BinarySchema_EnableGripperDataType_DataTypeVersion,15381,Variable
CRCL_BinarySchema_EnableGripperDataType_DictionaryFragment,15382,Variable
CRCL_BinarySchema_DisableGripperDataType,15383,Variable
CRCL_BinarySchema_DisableGripperDataType_DataTypeVersion,15384,Variable
CRCL_BinarySchema_DisableGripperDataType_DictionaryFragment,15385,Variable
CRCL_BinarySchema_CRCLSkillDataType,15386,Variable
CRCL_BinarySchema_CRCLSkillDataType_DataTypeVersion,15387,Variable
CRCL_BinarySchema_CRCLSkillDataType_DictionaryFragment,15388,Variable
CRCL_BinarySchema_EnableRobotParameterStatusDataType,15389,Variable
CRCL_BinarySchema_EnableRobotParameterStatusDataType_DataTypeVersion,15390,Variable
CRCL_BinarySchema_EnableRobotParameterStatusDataType_DictionaryFragment,15391,Variable
CRCL_BinarySchema_DisableRobotParameterStatusDataType,15392,Variable
CRCL_BinarySchema_DisableRobotParameterStatusDataType_DataTypeVersion,15393,Variable
CRCL_BinarySchema_DisableRobotParameterStatusDataType_DictionaryFragment,15394,Variable
CRCL_BinarySchema_SetDefaultJointPositonsTolerancesDataType,15395,Variable
CRCL_BinarySchema_SetDefaultJointPositonsTolerancesDataType_DataTypeVersion,15396,Variable
CRCL_BinarySchema_SetDefaultJointPositonsTolerancesDataType_DictionaryFragment,15397,Variable
CRCL_BinarySchema_SetRotAccelDataType,15398,Variable
CRCL_BinarySchema_SetRotAccelDataType_DataTypeVersion,15399,Variable
CRCL_BinarySchema_SetRotAccelDataType_DictionaryFragment,15400,Variable
CRCL_BinarySchema_SetTransAccelDataType,15401,Variable
CRCL_BinarySchema_SetTransAccelDataType_DataTypeVersion,15402,Variable
CRCL_BinarySchema_SetTransAccelDataType_DictionaryFragment,15403,Variable
CRCL_BinarySchema_SetRotSpeedDataType,15404,Variable
CRCL_BinarySchema_SetRotSpeedDataType_DataTypeVersion,15405,Variable
CRCL_BinarySchema_SetRotSpeedDataType_DictionaryFragment,15406,Variable
CRCL_BinarySchema_SetTransSpeedDataType,15407,Variable
CRCL_BinarySchema_SetTransSpeedDataType_DataTypeVersion,15408,Variable
CRCL_BinarySchema_SetTransSpeedDataType_DictionaryFragment,15409,Variable
CRCL_BinarySchema_UnionTestDataType,15410,Variable
CRCL_BinarySchema_UnionTestDataType_DataTypeVersion,15411,Variable
CRCL_BinarySchema_UnionTestDataType_DictionaryFragment,15412,Variable
CRCL_BinarySchema_CRCL_CommandStatusDataType,15413,Variable
CRCL_BinarySchema_CRCL_CommandStatusDataType_DataTypeVersion,15414,Variable
CRCL_BinarySchema_CRCL_CommandStatusDataType_DictionaryFragment,15415,Variable
CRCL_BinarySchema_CRCL_SensorStatusDataType,15416,Variable
CRCL_BinarySchema_CRCL_SensorStatusDataType_DataTypeVersion,15417,Variable
CRCL_BinarySchema_CRCL_SensorStatusDataType_DictionaryFragment,15418,Variable
CRCL_BinarySchema_CRCL_CountSensorStatusDataType,15419,Variable
CRCL_BinarySchema_CRCL_CountSensorStatusDataType_DataTypeVersion,15420,Variable
CRCL_BinarySchema_CRCL_CountSensorStatusDataType_DictionaryFragment,15421,Variable
CRCL_BinarySchema_CRCL_OnOffSensorStatusDataType,15422,Variable
CRCL_BinarySchema_CRCL_OnOffSensorStatusDataType_DataTypeVersion,15423,Variable
CRCL_BinarySchema_CRCL_OnOffSensorStatusDataType_DictionaryFragment,15424,Variable
CRCL_BinarySchema_CRCL_ScalarSensorStatusDataType,15425,Variable
CRCL_BinarySchema_CRCL_ScalarSensorStatusDataType_DataTypeVersion,15426,Variable
CRCL_BinarySchema_CRCL_ScalarSensorStatusDataType_DictionaryFragment,15427,Variable
CRCL_BinarySchema_CRCL_ForceTorqueSensorStatusDataType,15428,Variable
CRCL_BinarySchema_CRCL_ForceTorqueSensorStatusDataType_DataTypeVersion,15429,Variable
CRCL_BinarySchema_CRCL_ForceTorqueSensorStatusDataType_DictionaryFragment,15430,Variable
CRCL_BinarySchema_CRCL_SensorStatusesDataType,15431,Variable
CRCL_BinarySchema_CRCL_SensorStatusesDataType_DataTypeVersion,15432,Variable
CRCL_BinarySchema_CRCL_SensorStatusesDataType_DictionaryFragment,15433,Variable
CRCL_BinarySchema_CRCL_GripperStatusDataType,15434,Variable
CRCL_BinarySchema_CRCL_GripperStatusDataType_DataTypeVersion,15435,Variable
CRCL_BinarySchema_CRCL_GripperStatusDataType_DictionaryFragment,15436,Variable
CRCL_BinarySchema_CRCL_ParallelGripperStatusDataType,15437,Variable
CRCL_BinarySchema_CRCL_ParallelGripperStatusDataType_DataTypeVersion,15438,Variable
CRCL_BinarySchema_CRCL_ParallelGripperStatusDataType_DictionaryFragment,15439,Variable
CRCL_BinarySchema_CRCL_ThreeFingerGripperStatusDataType,15440,Variable
CRCL_BinarySchema_CRCL_ThreeFingerGripperStatusDataType_DataTypeVersion,15441,Variable
CRCL_BinarySchema_CRCL_ThreeFingerGripperStatusDataType_DictionaryFragment,15442,Variable
CRCL_BinarySchema_CRCL_VacuumGripperStatusDataType,15443,Variable
CRCL_BinarySchema_CRCL_VacuumGripperStatusDataType_DataTypeVersion,15444,Variable
CRCL_BinarySchema_CRCL_VacuumGripperStatusDataType_DictionaryFragment,15445,Variable
CRCL_BinarySchema_CRCL_SettingsStatusDataType,15446,Variable
CRCL_BinarySchema_CRCL_SettingsStatusDataType_DataTypeVersion,15447,Variable
CRCL_BinarySchema_CRCL_SettingsStatusDataType_DictionaryFragment,15448,Variable
CRCL_BinarySchema_CRCL_PoseStatusDataType,15449,Variable
CRCL_BinarySchema_CRCL_PoseStatusDataType_DataTypeVersion,15450,Variable
CRCL_BinarySchema_CRCL_PoseStatusDataType_DictionaryFragment,15451,Variable
CRCL_BinarySchema_CRCL_JointLimitDataType,15452,Variable
CRCL_BinarySchema_CRCL_JointLimitDataType_DataTypeVersion,15453,Variable
CRCL_BinarySchema_CRCL_JointLimitDataType_DictionaryFragment,15454,Variable
CRCL_BinarySchema_CRCL_JointStatusDataType,15455,Variable
CRCL_BinarySchema_CRCL_JointStatusDataType_DataTypeVersion,15456,Variable
CRCL_BinarySchema_CRCL_JointStatusDataType_DictionaryFragment,15457,Variable
CRCL_BinarySchema_CRCL_JointStatusesDataType,15458,Variable
CRCL_BinarySchema_CRCL_JointStatusesDataType_DataTypeVersion,15459,Variable
CRCL_BinarySchema_CRCL_JointStatusesDataType_DictionaryFragment,15460,Variable
CRCL_BinarySchema_CRCLStatusDataType,15461,Variable
CRCL_BinarySchema_CRCLStatusDataType_DataTypeVersion,15462,Variable
CRCL_BinarySchema_CRCLStatusDataType_DictionaryFragment,15463,Variable
CRCL_BinarySchema_CRCLCommandsUnionDataType,15464,Variable
CRCL_BinarySchema_CRCLCommandsUnionDataType_DataTypeVersion,15465,Variable
CRCL_BinarySchema_CRCLCommandsUnionDataType_DictionaryFragment,15466,Variable
CRCL_BinarySchema_CRCL_ConfigureJointReportDataType,15467,Variable
CRCL_BinarySchema_CRCL_ConfigureJointReportDataType_DataTypeVersion,15468,Variable
CRCL_BinarySchema_CRCL_ConfigureJointReportDataType_DictionaryFragment,15469,Variable
PubSubIPAddresses_Encoding_DefaultXml,15470,Object
CRCL_FractionDataType_Encoding_DefaultXml,15471,Object
CRCL_DataThingDataType_Encoding_DefaultXml,15472,Object
SAMYRobotDataType_Encoding_DefaultXml,15473,Object
CRCL_PointDataType_Encoding_DefaultXml,15474,Object
CRCL_VectorDataType_Encoding_DefaultXml,15475,Object
CRCL_PoseDataType_Encoding_DefaultXml,15476,Object
CRCL_TwistDataType_Encoding_DefaultXml,15477,Object
CRCL_WrenchDataType_Encoding_DefaultXml,15478,Object
CRCL_PoseToleranceDataType_Encoding_DefaultXml,15479,Object
CRCL_ParameterSettingDataType_Encoding_DefaultXml,15480,Object
CRCL_RotAccelDataType_Encoding_DefaultXml,15481,Object
CRCL_RotAccelAbsoluteDataType_Encoding_DefaultXml,15482,Object
CRCL_RotAccelRelativeDataType_Encoding_DefaultXml,15483,Object
CRCL_RotSpeedDataType_Encoding_DefaultXml,15484,Object
CRCL_RotSpeedAbsoluteDataType_Encoding_DefaultXml,15485,Object
CRCL_RotSpeedRelativeDataType_Encoding_DefaultXml,15486,Object
CRCL_TransAccelDataType_Encoding_DefaultXml,15487,Object
CRCL_TransAccelAbsoluteDataType_Encoding_DefaultXml,15488,Object
CRCL_TransAccelRelativeDataType_Encoding_DefaultXml,15489,Object
CRCL_TransSpeedAbsoluteDataType_Encoding_DefaultXml,15490,Object
CRCL_TransSpeedRelativeDataType_Encoding_DefaultXml,15491,Object
CRCL_TransSpeedDataType_Encoding_DefaultXml,15493,Object
CRCL_GuardDataType_Encoding_DefaultXml,15494,Object
CRCL_JointPositionToleranceSettingDataType_Encoding_DefaultXml,15495,Object
CRCL_JointPositionsTolerancesDataType_Encoding_DefaultXml,15496,Object
CRCL_PoseAndSetDataType_Encoding_DefaultXml,15497,Object
CRCLCommandDataType_Encoding_DefaultXml,15498,Object
MiddleCommandDataType_Encoding_DefaultXml,15499,Object
EndCanonDataType_Encoding_DefaultXml,15500,Object
InitCanonDataType_Encoding_DefaultXml,15501,Object
CRCL_JointDetailsDataType_Encoding_DefaultXml,15502,Object
CRCL_ActuateJointDataType_Encoding_DefaultXml,15503,Object
JointForceTorqueDataType_Encoding_DefaultXml,15504,Object
JointSpeedAccelDataType_Encoding_DefaultXml,15505,Object
ActuateJointsDataType_Encoding_DefaultXml,15506,Object
MoveToDataType_Encoding_DefaultXml,15507,Object
CloseToolChangerDataType_Encoding_DefaultXml,15508,Object
DwellDataType_Encoding_DefaultXml,15509,Object
GetStatusDataType_Encoding_DefaultXml,15510,Object
MessageDataType_Encoding_DefaultXml,15511,Object
MoveScrewDataType_Encoding_DefaultXml,15512,Object
MoveThroughToDataType_Encoding_DefaultXml,15513,Object
OpenToolChangerDataType_Encoding_DefaultXml,15514,Object
RunProgramDataType_Encoding_DefaultXml,15515,Object
SetAngleUnitsDataType_Encoding_DefaultXml,15516,Object
SetEndEffectorParametersDataType_Encoding_DefaultXml,15517,Object
SetEndEffectorDataType_Encoding_DefaultXml,15518,Object
SetEndPoseToleranceDataType_Encoding_DefaultXml,15519,Object
SetForceUnitsDataType_Encoding_DefaultXml,15520,Object
SetIntermediatePoseToleranceDataType_Encoding_DefaultXml,15521,Object
SetLengthUnitsDataType_Encoding_DefaultXml,15522,Object
SetMotionCoordinationDataType_Encoding_DefaultXml,15523,Object
SetRobotParametersDataType_Encoding_DefaultXml,15524,Object
SetTorqueUnitsDataType_Encoding_DefaultXml,15525,Object
StopMotionDataType_Encoding_DefaultXml,15526,Object
ConfigureStatusReportDataType_Encoding_DefaultXml,15527,Object
EnableSensorDataType_Encoding_DefaultXml,15528,Object
DisableSensorDataType_Encoding_DefaultXml,15529,Object
EnableGripperDataType_Encoding_DefaultXml,15530,Object
DisableGripperDataType_Encoding_DefaultXml,15531,Object
CRCLSkillDataType_Encoding_DefaultXml,15532,Object
EnableRobotParameterStatusDataType_Encoding_DefaultXml,15533,Object
DisableRobotParameterStatusDataType_Encoding_DefaultXml,15534,Object
SetDefaultJointPositonsTolerancesDataType_Encoding_DefaultXml,15535,Object
SetRotAccelDataType_Encoding_DefaultXml,15536,Object
SetTransAccelDataType_Encoding_DefaultXml,15537,Object
SetRotSpeedDataType_Encoding_DefaultXml,15538,Object
SetTransSpeedDataType_Encoding_DefaultXml,15539,Object
UnionTestDataType_Encoding_DefaultXml,15540,Object
CRCL_CommandStatusDataType_Encoding_DefaultXml,15541,Object
CRCL_SensorStatusDataType_Encoding_DefaultXml,15542,Object
CRCL_CountSensorStatusDataType_Encoding_DefaultXml,15543,Object
CRCL_OnOffSensorStatusDataType_Encoding_DefaultXml,15544,Object
CRCL_ScalarSensorStatusDataType_Encoding_DefaultXml,15545,Object
CRCL_ForceTorqueSensorStatusDataType_Encoding_DefaultXml,15546,Object
CRCL_SensorStatusesDataType_Encoding_DefaultXml,15547,Object
CRCL_GripperStatusDataType_Encoding_DefaultXml,15548,Object
CRCL_ParallelGripperStatusDataType_Encoding_DefaultXml,15549,Object
CRCL_ThreeFingerGripperStatusDataType_Encoding_DefaultXml,15550,Object
CRCL_VacuumGripperStatusDataType_Encoding_DefaultXml,15551,Object
CRCL_SettingsStatusDataType_Encoding_DefaultXml,15552,Object
CRCL_PoseStatusDataType_Encoding_DefaultXml,15553,Object
CRCL_JointLimitDataType_Encoding_DefaultXml,15554,Object
CRCL_JointStatusDataType_Encoding_DefaultXml,15555,Object
CRCL_JointStatusesDataType_Encoding_DefaultXml,15556,Object
CRCLStatusDataType_Encoding_DefaultXml,15557,Object
CRCLCommandsUnionDataType_Encoding_DefaultXml,15558,Object
CRCL_ConfigureJointReportDataType_Encoding_DefaultXml,15559,Object
CRCL_XmlSchema,15560,Variable
CRCL_XmlSchema_DataTypeVersion,15561,Variable
CRCL_XmlSchema_NamespaceUri,15562,Variable
CRCL_XmlSchema_Deprecated,15563,Variable
CRCL_XmlSchema_PubSubIPAddresses,15564,Variable
CRCL_XmlSchema_PubSubIPAddresses_DataTypeVersion,15565,Variable
CRCL_XmlSchema_PubSubIPAddresses_DictionaryFragment,15566,Variable
CRCL_XmlSchema_CRCL_FractionDataType,15567,Variable
CRCL_XmlSchema_CRCL_FractionDataType_DataTypeVersion,15568,Variable
CRCL_XmlSchema_CRCL_FractionDataType_DictionaryFragment,15569,Variable
CRCL_XmlSchema_CRCL_DataThingDataType,15570,Variable
CRCL_XmlSchema_CRCL_DataThingDataType_DataTypeVersion,15571,Variable
CRCL_XmlSchema_CRCL_DataThingDataType_DictionaryFragment,15572,Variable
CRCL_XmlSchema_SAMYRobotDataType,15573,Variable
CRCL_XmlSchema_SAMYRobotDataType_DataTypeVersion,15574,Variable
CRCL_XmlSchema_SAMYRobotDataType_DictionaryFragment,15575,Variable
CRCL_XmlSchema_CRCL_PointDataType,15576,Variable
CRCL_XmlSchema_CRCL_PointDataType_DataTypeVersion,15577,Variable
CRCL_XmlSchema_CRCL_PointDataType_DictionaryFragment,15578,Variable
CRCL_XmlSchema_CRCL_VectorDataType,15579,Variable
CRCL_XmlSchema_CRCL_VectorDataType_DataTypeVersion,15580,Variable
CRCL_XmlSchema_CRCL_VectorDataType_DictionaryFragment,15581,Variable
CRCL_XmlSchema_CRCL_PoseDataType,15582,Variable
CRCL_XmlSchema_CRCL_PoseDataType_DataTypeVersion,15583,Variable
CRCL_XmlSchema_CRCL_PoseDataType_DictionaryFragment,15584,Variable
CRCL_XmlSchema_CRCL_TwistDataType,15585,Variable
CRCL_XmlSchema_CRCL_TwistDataType_DataTypeVersion,15586,Variable
CRCL_XmlSchema_CRCL_TwistDataType_DictionaryFragment,15587,Variable
CRCL_XmlSchema_CRCL_WrenchDataType,15588,Variable
CRCL_XmlSchema_CRCL_WrenchDataType_DataTypeVersion,15589,Variable
CRCL_XmlSchema_CRCL_WrenchDataType_DictionaryFragment,15590,Variable
CRCL_XmlSchema_CRCL_PoseToleranceDataType,15591,Variable
CRCL_XmlSchema_CRCL_PoseToleranceDataType_DataTypeVersion,15592,Variable
CRCL_XmlSchema_CRCL_PoseToleranceDataType_DictionaryFragment,15593,Variable
CRCL_XmlSchema_CRCL_ParameterSettingDataType,15594,Variable
CRCL_XmlSchema_CRCL_ParameterSettingDataType_DataTypeVersion,15595,Variable
CRCL_XmlSchema_CRCL_ParameterSettingDataType_DictionaryFragment,15596,Variable
CRCL_XmlSchema_CRCL_RotAccelDataType,15597,Variable
CRCL_XmlSchema_CRCL_RotAccelDataType_DataTypeVersion,15598,Variable
CRCL_XmlSchema_CRCL_RotAccelDataType_DictionaryFragment,15599,Variable
CRCL_XmlSchema_CRCL_RotAccelAbsoluteDataType,15600,Variable
CRCL_XmlSchema_CRCL_RotAccelAbsoluteDataType_DataTypeVersion,15601,Variable
CRCL_XmlSchema_CRCL_RotAccelAbsoluteDataType_DictionaryFragment,15602,Variable
CRCL_XmlSchema_CRCL_RotAccelRelativeDataType,15603,Variable
CRCL_XmlSchema_CRCL_RotAccelRelativeDataType_DataTypeVersion,15604,Variable
CRCL_XmlSchema_CRCL_RotAccelRelativeDataType_DictionaryFragment,15605,Variable
CRCL_XmlSchema_CRCL_RotSpeedDataType,15606,Variable
CRCL_XmlSchema_CRCL_RotSpeedDataType_DataTypeVersion,15607,Variable
CRCL_XmlSchema_CRCL_RotSpeedDataType_DictionaryFragment,15608,Variable
CRCL_XmlSchema_CRCL_RotSpeedAbsoluteDataType,15609,Variable
CRCL_XmlSchema_CRCL_RotSpeedAbsoluteDataType_DataTypeVersion,15610,Variable
CRCL_XmlSchema_CRCL_RotSpeedAbsoluteDataType_DictionaryFragment,15611,Variable
CRCL_XmlSchema_CRCL_RotSpeedRelativeDataType,15612,Variable
CRCL_XmlSchema_CRCL_RotSpeedRelativeDataType_DataTypeVersion,15613,Variable
CRCL_XmlSchema_CRCL_RotSpeedRelativeDataType_DictionaryFragment,15614,Variable
CRCL_XmlSchema_CRCL_TransAccelDataType,15615,Variable
CRCL_XmlSchema_CRCL_TransAccelDataType_DataTypeVersion,15616,Variable
CRCL_XmlSchema_CRCL_TransAccelDataType_DictionaryFragment,15617,Variable
CRCL_XmlSchema_CRCL_TransAccelAbsoluteDataType,15618,Variable
CRCL_XmlSchema_CRCL_TransAccelAbsoluteDataType_DataTypeVersion,15619,Variable
CRCL_XmlSchema_CRCL_TransAccelAbsoluteDataType_DictionaryFragment,15620,Variable
CRCL_XmlSchema_CRCL_TransAccelRelativeDataType,15621,Variable
CRCL_XmlSchema_CRCL_TransAccelRelativeDataType_DataTypeVersion,15622,Variable
CRCL_XmlSchema_CRCL_TransAccelRelativeDataType_DictionaryFragment,15623,Variable
CRCL_XmlSchema_CRCL_TransSpeedAbsoluteDataType,15624,Variable
CRCL_XmlSchema_CRCL_TransSpeedAbsoluteDataType_DataTypeVersion,15625,Variable
CRCL_XmlSchema_CRCL_TransSpeedAbsoluteDataType_DictionaryFragment,15626,Variable
CRCL_XmlSchema_CRCL_TransSpeedRelativeDataType,15627,Variable
CRCL_XmlSchema_CRCL_TransSpeedRelativeDataType_DataTypeVersion,15628,Variable
CRCL_XmlSchema_CRCL_TransSpeedRelativeDataType_DictionaryFragment,15629,Variable
CRCL_XmlSchema_CRCL_TransSpeedDataType,15633,Variable
CRCL_XmlSchema_CRCL_TransSpeedDataType_DataTypeVersion,15634,Variable
CRCL_XmlSchema_CRCL_TransSpeedDataType_DictionaryFragment,15635,Variable
CRCL_XmlSchema_CRCL_GuardDataType,15636,Variable
CRCL_XmlSchema_CRCL_GuardDataType_DataTypeVersion,15637,Variable
CRCL_XmlSchema_CRCL_GuardDataType_DictionaryFragment,15638,Variable
CRCL_XmlSchema_CRCL_JointPositionToleranceSettingDataType,15639,Variable
CRCL_XmlSchema_CRCL_JointPositionToleranceSettingDataType_DataTypeVersion,15640,Variable
CRCL_XmlSchema_CRCL_JointPositionToleranceSettingDataType_DictionaryFragment,15641,Variable
CRCL_XmlSchema_CRCL_JointPositionsTolerancesDataType,15642,Variable
CRCL_XmlSchema_CRCL_JointPositionsTolerancesDataType_DataTypeVersion,15643,Variable
CRCL_XmlSchema_CRCL_JointPositionsTolerancesDataType_DictionaryFragment,15644,Variable
CRCL_XmlSchema_CRCL_PoseAndSetDataType,15645,Variable
CRCL_XmlSchema_CRCL_PoseAndSetDataType_DataTypeVersion,15646,Variable
CRCL_XmlSchema_CRCL_PoseAndSetDataType_DictionaryFragment,15647,Variable
CRCL_XmlSchema_CRCLCommandDataType,15648,Variable
CRCL_XmlSchema_CRCLCommandDataType_DataTypeVersion,15649,Variable
CRCL_XmlSchema_CRCLCommandDataType_DictionaryFragment,15650,Variable
CRCL_XmlSchema_MiddleCommandDataType,15651,Variable
CRCL_XmlSchema_MiddleCommandDataType_DataTypeVersion,15652,Variable
CRCL_XmlSchema_MiddleCommandDataType_DictionaryFragment,15653,Variable
CRCL_XmlSchema_EndCanonDataType,15654,Variable
CRCL_XmlSchema_EndCanonDataType_DataTypeVersion,15655,Variable
CRCL_XmlSchema_EndCanonDataType_DictionaryFragment,15656,Variable
CRCL_XmlSchema_InitCanonDataType,15657,Variable
CRCL_XmlSchema_InitCanonDataType_DataTypeVersion,15658,Variable
CRCL_XmlSchema_InitCanonDataType_DictionaryFragment,15659,Variable
CRCL_XmlSchema_CRCL_JointDetailsDataType,15660,Variable
CRCL_XmlSchema_CRCL_JointDetailsDataType_DataTypeVersion,15661,Variable
CRCL_XmlSchema_CRCL_JointDetailsDataType_DictionaryFragment,15662,Variable
CRCL_XmlSchema_CRCL_ActuateJointDataType,15663,Variable
CRCL_XmlSchema_CRCL_ActuateJointDataType_DataTypeVersion,15664,Variable
CRCL_XmlSchema_CRCL_ActuateJointDataType_DictionaryFragment,15665,Variable
CRCL_XmlSchema_JointForceTorqueDataType,15666,Variable
CRCL_XmlSchema_JointForceTorqueDataType_DataTypeVersion,15667,Variable
CRCL_XmlSchema_JointForceTorqueDataType_DictionaryFragment,15668,Variable
CRCL_XmlSchema_JointSpeedAccelDataType,15669,Variable
CRCL_XmlSchema_JointSpeedAccelDataType_DataTypeVersion,15670,Variable
CRCL_XmlSchema_JointSpeedAccelDataType_DictionaryFragment,15671,Variable
CRCL_XmlSchema_ActuateJointsDataType,15672,Variable
CRCL_XmlSchema_ActuateJointsDataType_DataTypeVersion,15673,Variable
CRCL_XmlSchema_ActuateJointsDataType_DictionaryFragment,15674,Variable
CRCL_XmlSchema_MoveToDataType,15675,Variable
CRCL_XmlSchema_MoveToDataType_DataTypeVersion,15676,Variable
CRCL_XmlSchema_MoveToDataType_DictionaryFragment,15677,Variable
CRCL_XmlSchema_CloseToolChangerDataType,15678,Variable
CRCL_XmlSchema_CloseToolChangerDataType_DataTypeVersion,15679,Variable
CRCL_XmlSchema_CloseToolChangerDataType_DictionaryFragment,15680,Variable
CRCL_XmlSchema_DwellDataType,15681,Variable
CRCL_XmlSchema_DwellDataType_DataTypeVersion,15682,Variable
CRCL_XmlSchema_DwellDataType_DictionaryFragment,15683,Variable
CRCL_XmlSchema_GetStatusDataType,15684,Variable
CRCL_XmlSchema_GetStatusDataType_DataTypeVersion,15685,Variable
CRCL_XmlSchema_GetStatusDataType_DictionaryFragment,15686,Variable
CRCL_XmlSchema_MessageDataType,15687,Variable
CRCL_XmlSchema_MessageDataType_DataTypeVersion,15688,Variable
CRCL_XmlSchema_MessageDataType_DictionaryFragment,15689,Variable
CRCL_XmlSchema_MoveScrewDataType,15690,Variable
CRCL_XmlSchema_MoveScrewDataType_DataTypeVersion,15691,Variable
CRCL_XmlSchema_MoveScrewDataType_DictionaryFragment,15692,Variable
CRCL_XmlSchema_MoveThroughToDataType,15693,Variable
CRCL_XmlSchema_MoveThroughToDataType_DataTypeVersion,15694,Variable
CRCL_XmlSchema_MoveThroughToDataType_DictionaryFragment,15695,Variable
CRCL_XmlSchema_OpenToolChangerDataType,15696,Variable
CRCL_XmlSchema_OpenToolChangerDataType_DataTypeVersion,15697,Variable
CRCL_XmlSchema_OpenToolChangerDataType_DictionaryFragment,15698,Variable
CRCL_XmlSchema_RunProgramDataType,15699,Variable
CRCL_XmlSchema_RunProgramDataType_DataTypeVersion,15700,Variable
CRCL_XmlSchema_RunProgramDataType_DictionaryFragment,15701,Variable
CRCL_XmlSchema_SetAngleUnitsDataType,15702,Variable
CRCL_XmlSchema_SetAngleUnitsDataType_DataTypeVersion,15703,Variable
CRCL_XmlSchema_SetAngleUnitsDataType_DictionaryFragment,15704,Variable
CRCL_XmlSchema_SetEndEffectorParametersDataType,15705,Variable
CRCL_XmlSchema_SetEndEffectorParametersDataType_DataTypeVersion,15706,Variable
CRCL_XmlSchema_SetEndEffectorParametersDataType_DictionaryFragment,15707,Variable
CRCL_XmlSchema_SetEndEffectorDataType,15708,Variable
CRCL_XmlSchema_SetEndEffectorDataType_DataTypeVersion,15709,Variable
CRCL_XmlSchema_SetEndEffectorDataType_DictionaryFragment,15710,Variable
CRCL_XmlSchema_SetEndPoseToleranceDataType,15711,Variable
CRCL_XmlSchema_SetEndPoseToleranceDataType_DataTypeVersion,15712,Variable
CRCL_XmlSchema_SetEndPoseToleranceDataType_DictionaryFragment,15713,Variable
CRCL_XmlSchema_SetForceUnitsDataType,15714,Variable
CRCL_XmlSchema_SetForceUnitsDataType_DataTypeVersion,15715,Variable
CRCL_XmlSchema_SetForceUnitsDataType_DictionaryFragment,15716,Variable
CRCL_XmlSchema_SetIntermediatePoseToleranceDataType,15717,Variable
CRCL_XmlSchema_SetIntermediatePoseToleranceDataType_DataTypeVersion,15718,Variable
CRCL_XmlSchema_SetIntermediatePoseToleranceDataType_DictionaryFragment,15719,Variable
CRCL_XmlSchema_SetLengthUnitsDataType,15720,Variable
CRCL_XmlSchema_SetLengthUnitsDataType_DataTypeVersion,15721,Variable
CRCL_XmlSchema_SetLengthUnitsDataType_DictionaryFragment,15722,Variable
CRCL_XmlSchema_SetMotionCoordinationDataType,15723,Variable
CRCL_XmlSchema_SetMotionCoordinationDataType_DataTypeVersion,15724,Variable
CRCL_XmlSchema_SetMotionCoordinationDataType_DictionaryFragment,15725,Variable
CRCL_XmlSchema_SetRobotParametersDataType,15726,Variable
CRCL_XmlSchema_SetRobotParametersDataType_DataTypeVersion,15727,Variable
CRCL_XmlSchema_SetRobotParametersDataType_DictionaryFragment,15728,Variable
CRCL_XmlSchema_SetTorqueUnitsDataType,15729,Variable
CRCL_XmlSchema_SetTorqueUnitsDataType_DataTypeVersion,15730,Variable
CRCL_XmlSchema_SetTorqueUnitsDataType_DictionaryFragment,15731,Variable
CRCL_XmlSchema_StopMotionDataType,15732,Variable
CRCL_XmlSchema_StopMotionDataType_DataTypeVersion,15733,Variable
CRCL_XmlSchema_StopMotionDataType_DictionaryFragment,15734,Variable
CRCL_XmlSchema_ConfigureStatusReportDataType,15735,Variable
CRCL_XmlSchema_ConfigureStatusReportDataType_DataTypeVersion,15736,Variable
CRCL_XmlSchema_ConfigureStatusReportDataType_DictionaryFragment,15737,Variable
CRCL_XmlSchema_EnableSensorDataType,15738,Variable
CRCL_XmlSchema_EnableSensorDataType_DataTypeVersion,15739,Variable
CRCL_XmlSchema_EnableSensorDataType_DictionaryFragment,15740,Variable
CRCL_XmlSchema_DisableSensorDataType,15741,Variable
CRCL_XmlSchema_DisableSensorDataType_DataTypeVersion,15742,Variable
CRCL_XmlSchema_DisableSensorDataType_DictionaryFragment,15743,Variable
CRCL_XmlSchema_EnableGripperDataType,15744,Variable
CRCL_XmlSchema_EnableGripperDataType_DataTypeVersion,15745,Variable
CRCL_XmlSchema_EnableGripperDataType_DictionaryFragment,15746,Variable
CRCL_XmlSchema_DisableGripperDataType,15747,Variable
CRCL_XmlSchema_DisableGripperDataType_DataTypeVersion,15748,Variable
CRCL_XmlSchema_DisableGripperDataType_DictionaryFragment,15749,Variable
CRCL_XmlSchema_CRCLSkillDataType,15750,Variable
CRCL_XmlSchema_CRCLSkillDataType_DataTypeVersion,15751,Variable
CRCL_XmlSchema_CRCLSkillDataType_DictionaryFragment,15752,Variable
CRCL_XmlSchema_EnableRobotParameterStatusDataType,15753,Variable
CRCL_XmlSchema_EnableRobotParameterStatusDataType_DataTypeVersion,15754,Variable
CRCL_XmlSchema_EnableRobotParameterStatusDataType_DictionaryFragment,15755,Variable
CRCL_XmlSchema_DisableRobotParameterStatusDataType,15756,Variable
CRCL_XmlSchema_DisableRobotParameterStatusDataType_DataTypeVersion,15757,Variable
CRCL_XmlSchema_DisableRobotParameterStatusDataType_DictionaryFragment,15758,Variable
CRCL_XmlSchema_SetDefaultJointPositonsTolerancesDataType,15759,Variable
CRCL_XmlSchema_SetDefaultJointPositonsTolerancesDataType_DataTypeVersion,15760,Variable
CRCL_XmlSchema_SetDefaultJointPositonsTolerancesDataType_DictionaryFragment,15761,Variable
CRCL_XmlSchema_SetRotAccelDataType,15762,Variable
CRCL_XmlSchema_SetRotAccelDataType_DataTypeVersion,15763,Variable
CRCL_XmlSchema_SetRotAccelDataType_DictionaryFragment,15764,Variable
CRCL_XmlSchema_SetTransAccelDataType,15765,Variable
CRCL_XmlSchema_SetTransAccelDataType_DataTypeVersion,15766,Variable
CRCL_XmlSchema_SetTransAccelDataType_DictionaryFragment,15767,Variable
CRCL_XmlSchema_SetRotSpeedDataType,15768,Variable
CRCL_XmlSchema_SetRotSpeedDataType_DataTypeVersion,15769,Variable
CRCL_XmlSchema_SetRotSpeedDataType_DictionaryFragment,15770,Variable
CRCL_XmlSchema_SetTransSpeedDataType,15771,Variable
CRCL_XmlSchema_SetTransSpeedDataType_DataTypeVersion,15772,Variable
CRCL_XmlSchema_SetTransSpeedDataType_DictionaryFragment,15773,Variable
CRCL_XmlSchema_UnionTestDataType,15774,Variable
CRCL_XmlSchema_UnionTestDataType_DataTypeVersion,15775,Variable
CRCL_XmlSchema_UnionTestDataType_DictionaryFragment,15776,Variable
CRCL_XmlSchema_CRCL_CommandStatusDataType,15777,Variable
CRCL_XmlSchema_CRCL_CommandStatusDataType_DataTypeVersion,15778,Variable
CRCL_XmlSchema_CRCL_CommandStatusDataType_DictionaryFragment,15779,Variable
CRCL_XmlSchema_CRCL_SensorStatusDataType,15780,Variable
CRCL_XmlSchema_CRCL_SensorStatusDataType_DataTypeVersion,15781,Variable
CRCL_XmlSchema_CRCL_SensorStatusDataType_DictionaryFragment,15782,Variable
CRCL_XmlSchema_CRCL_CountSensorStatusDataType,15783,Variable
CRCL_XmlSchema_CRCL_CountSensorStatusDataType_DataTypeVersion,15784,Variable
CRCL_XmlSchema_CRCL_CountSensorStatusDataType_DictionaryFragment,15785,Variable
CRCL_XmlSchema_CRCL_OnOffSensorStatusDataType,15786,Variable
CRCL_XmlSchema_CRCL_OnOffSensorStatusDataType_DataTypeVersion,15787,Variable
CRCL_XmlSchema_CRCL_OnOffSensorStatusDataType_DictionaryFragment,15788,Variable
CRCL_XmlSchema_CRCL_ScalarSensorStatusDataType,15789,Variable
CRCL_XmlSchema_CRCL_ScalarSensorStatusDataType_DataTypeVersion,15790,Variable
CRCL_XmlSchema_CRCL_ScalarSensorStatusDataType_DictionaryFragment,15791,Variable
CRCL_XmlSchema_CRCL_ForceTorqueSensorStatusDataType,15792,Variable
CRCL_XmlSchema_CRCL_ForceTorqueSensorStatusDataType_DataTypeVersion,15793,Variable
CRCL_XmlSchema_CRCL_ForceTorqueSensorStatusDataType_DictionaryFragment,15794,Variable
CRCL_XmlSchema_CRCL_SensorStatusesDataType,15795,Variable
CRCL_XmlSchema_CRCL_SensorStatusesDataType_DataTypeVersion,15796,Variable
CRCL_XmlSchema_CRCL_SensorStatusesDataType_DictionaryFragment,15797,Variable
CRCL_XmlSchema_CRCL_GripperStatusDataType,15798,Variable
CRCL_XmlSchema_CRCL_GripperStatusDataType_DataTypeVersion,15799,Variable
CRCL_XmlSchema_CRCL_GripperStatusDataType_DictionaryFragment,15800,Variable
CRCL_XmlSchema_CRCL_ParallelGripperStatusDataType,15801,Variable
CRCL_XmlSchema_CRCL_ParallelGripperStatusDataType_DataTypeVersion,15802,Variable
CRCL_XmlSchema_CRCL_ParallelGripperStatusDataType_DictionaryFragment,15803,Variable
CRCL_XmlSchema_CRCL_ThreeFingerGripperStatusDataType,15804,Variable
CRCL_XmlSchema_CRCL_ThreeFingerGripperStatusDataType_DataTypeVersion,15805,Variable
CRCL_XmlSchema_CRCL_ThreeFingerGripperStatusDataType_DictionaryFragment,15806,Variable
CRCL_XmlSchema_CRCL_VacuumGripperStatusDataType,15807,Variable
CRCL_XmlSchema_CRCL_VacuumGripperStatusDataType_DataTypeVersion,15808,Variable
CRCL_XmlSchema_CRCL_VacuumGripperStatusDataType_DictionaryFragment,15809,Variable
CRCL_XmlSchema_CRCL_SettingsStatusDataType,15810,Variable
CRCL_XmlSchema_CRCL_SettingsStatusDataType_DataTypeVersion,15811,Variable
CRCL_XmlSchema_CRCL_SettingsStatusDataType_DictionaryFragment,15812,Variable
CRCL_XmlSchema_CRCL_PoseStatusDataType,15813,Variable
CRCL_XmlSchema_CRCL_PoseStatusDataType_DataTypeVersion,15814,Variable
CRCL_XmlSchema_CRCL_PoseStatusDataType_DictionaryFragment,15815,Variable
CRCL_XmlSchema_CRCL_JointLimitDataType,15816,Variable
CRCL_XmlSchema_CRCL_JointLimitDataType_DataTypeVersion,15817,Variable
CRCL_XmlSchema_CRCL_JointLimitDataType_DictionaryFragment,15818,Variable
CRCL_XmlSchema_CRCL_JointStatusDataType,15819,Variable
CRCL_XmlSchema_CRCL_JointStatusDataType_DataTypeVersion,15820,Variable
CRCL_XmlSchema_CRCL_JointStatusDataType_DictionaryFragment,15821,Variable
CRCL_XmlSchema_CRCL_JointStatusesDataType,15822,Variable
CRCL_XmlSchema_CRCL_JointStatusesDataType_DataTypeVersion,15823,Variable
CRCL_XmlSchema_CRCL_JointStatusesDataType_DictionaryFragment,15824,Variable
CRCL_XmlSchema_CRCLStatusDataType,15825,Variable
CRCL_XmlSchema_CRCLStatusDataType_DataTypeVersion,15826,Variable
CRCL_XmlSchema_CRCLStatusDataType_DictionaryFragment,15827,Variable
CRCL_XmlSchema_CRCLCommandsUnionDataType,15828,Variable
CRCL_XmlSchema_CRCLCommandsUnionDataType_DataTypeVersion,15829,Variable
CRCL_XmlSchema_CRCLCommandsUnionDataType_DictionaryFragment,15830,Variable
CRCL_XmlSchema_CRCL_ConfigureJointReportDataType,15831,Variable
CRCL_XmlSchema_CRCL_ConfigureJointReportDataType_DataTypeVersion,15832,Variable
CRCL_XmlSchema_CRCL_ConfigureJointReportDataType_DictionaryFragment,15833,Variable
PubSubIPAddresses_Encoding_DefaultJson,15834,Object
CRCL_FractionDataType_Encoding_DefaultJson,15835,Object
CRCL_DataThingDataType_Encoding_DefaultJson,15836,Object
SAMYRobotDataType_Encoding_DefaultJson,15837,Object
CRCL_PointDataType_Encoding_DefaultJson,15838,Object
CRCL_VectorDataType_Encoding_DefaultJson,15839,Object
CRCL_PoseDataType_Encoding_DefaultJson,15840,Object
CRCL_TwistDataType_Encoding_DefaultJson,15841,Object
CRCL_WrenchDataType_Encoding_DefaultJson,15842,Object
CRCL_PoseToleranceDataType_Encoding_DefaultJson,15843,Object
CRCL_ParameterSettingDataType_Encoding_DefaultJson,15844,Object
CRCL_RotAccelDataType_Encoding_DefaultJson,15845,Object
CRCL_RotAccelAbsoluteDataType_Encoding_DefaultJson,15846,Object
CRCL_RotAccelRelativeDataType_Encoding_DefaultJson,15847,Object
CRCL_RotSpeedDataType_Encoding_DefaultJson,15848,Object
CRCL_RotSpeedAbsoluteDataType_Encoding_DefaultJson,15849,Object
CRCL_RotSpeedRelativeDataType_Encoding_DefaultJson,15850,Object
CRCL_TransAccelDataType_Encoding_DefaultJson,15851,Object
CRCL_TransAccelAbsoluteDataType_Encoding_DefaultJson,15852,Object
CRCL_TransAccelRelativeDataType_Encoding_DefaultJson,15853,Object
CRCL_TransSpeedAbsoluteDataType_Encoding_DefaultJson,15854,Object
CRCL_TransSpeedRelativeDataType_Encoding_DefaultJson,15855,Object
CRCL_TransSpeedDataType_Encoding_DefaultJson,15857,Object
CRCL_GuardDataType_Encoding_DefaultJson,15858,Object
CRCL_JointPositionToleranceSettingDataType_Encoding_DefaultJson,15859,Object
CRCL_JointPositionsTolerancesDataType_Encoding_DefaultJson,15860,Object
CRCL_PoseAndSetDataType_Encoding_DefaultJson,15861,Object
CRCLCommandDataType_Encoding_DefaultJson,15862,Object
MiddleCommandDataType_Encoding_DefaultJson,15863,Object
EndCanonDataType_Encoding_DefaultJson,15864,Object
InitCanonDataType_Encoding_DefaultJson,15865,Object
CRCL_JointDetailsDataType_Encoding_DefaultJson,15866,Object
CRCL_ActuateJointDataType_Encoding_DefaultJson,15867,Object
JointForceTorqueDataType_Encoding_DefaultJson,15868,Object
JointSpeedAccelDataType_Encoding_DefaultJson,15869,Object
ActuateJointsDataType_Encoding_DefaultJson,15870,Object
MoveToDataType_Encoding_DefaultJson,15871,Object
CloseToolChangerDataType_Encoding_DefaultJson,15872,Object
DwellDataType_Encoding_DefaultJson,15873,Object
GetStatusDataType_Encoding_DefaultJson,15874,Object
MessageDataType_Encoding_DefaultJson,15875,Object
MoveScrewDataType_Encoding_DefaultJson,15876,Object
MoveThroughToDataType_Encoding_DefaultJson,15877,Object
OpenToolChangerDataType_Encoding_DefaultJson,15878,Object
RunProgramDataType_Encoding_DefaultJson,15879,Object
SetAngleUnitsDataType_Encoding_DefaultJson,15880,Object
SetEndEffectorParametersDataType_Encoding_DefaultJson,15881,Object
SetEndEffectorDataType_Encoding_DefaultJson,15882,Object
SetEndPoseToleranceDataType_Encoding_DefaultJson,15883,Object
SetForceUnitsDataType_Encoding_DefaultJson,15884,Object
SetIntermediatePoseToleranceDataType_Encoding_DefaultJson,15885,Object
SetLengthUnitsDataType_Encoding_DefaultJson,15886,Object
SetMotionCoordinationDataType_Encoding_DefaultJson,15887,Object
SetRobotParametersDataType_Encoding_DefaultJson,15888,Object
SetTorqueUnitsDataType_Encoding_DefaultJson,15889,Object
StopMotionDataType_Encoding_DefaultJson,15890,Object
ConfigureStatusReportDataType_Encoding_DefaultJson,15891,Object
EnableSensorDataType_Encoding_DefaultJson,15892,Object
DisableSensorDataType_Encoding_DefaultJson,15893,Object
EnableGripperDataType_Encoding_DefaultJson,15894,Object
DisableGripperDataType_Encoding_DefaultJson,15895,Object
CRCLSkillDataType_Encoding_DefaultJson,15896,Object
EnableRobotParameterStatusDataType_Encoding_DefaultJson,15897,Object
DisableRobotParameterStatusDataType_Encoding_DefaultJson,15898,Object
SetDefaultJointPositonsTolerancesDataType_Encoding_DefaultJson,15899,Object
SetRotAccelDataType_Encoding_DefaultJson,15900,Object
SetTransAccelDataType_Encoding_DefaultJson,15901,Object
SetRotSpeedDataType_Encoding_DefaultJson,15902,Object
SetTransSpeedDataType_Encoding_DefaultJson,15903,Object
UnionTestDataType_Encoding_DefaultJson,15904,Object
CRCL_CommandStatusDataType_Encoding_DefaultJson,15905,Object
CRCL_SensorStatusDataType_Encoding_DefaultJson,15906,Object
CRCL_CountSensorStatusDataType_Encoding_DefaultJson,15907,Object
CRCL_OnOffSensorStatusDataType_Encoding_DefaultJson,15908,Object
CRCL_ScalarSensorStatusDataType_Encoding_DefaultJson,15909,Object
CRCL_ForceTorqueSensorStatusDataType_Encoding_DefaultJson,15910,Object
CRCL_SensorStatusesDataType_Encoding_DefaultJson,15911,Object
CRCL_GripperStatusDataType_Encoding_DefaultJson,15912,Object
CRCL_ParallelGripperStatusDataType_Encoding_DefaultJson,15913,Object
CRCL_ThreeFingerGripperStatusDataType_Encoding_DefaultJson,15914,Object
CRCL_VacuumGripperStatusDataType_Encoding_DefaultJson,15915,Object
CRCL_SettingsStatusDataType_Encoding_DefaultJson,15916,Object
CRCL_PoseStatusDataType_Encoding_DefaultJson,15917,Object
CRCL_JointLimitDataType_Encoding_DefaultJson,15918,Object
CRCL_JointStatusDataType_Encoding_DefaultJson,15919,Object
CRCL_JointStatusesDataType_Encoding_DefaultJson,15920,Object
CRCLStatusDataType_Encoding_DefaultJson,15921,Object
CRCLCommandsUnionDataType_Encoding_DefaultJson,15922,Object
CRCL_ConfigureJointReportDataType_Encoding_DefaultJson,15923,Object
